{
  "hash": "5cf85ace",
  "configHash": "01af7a5e",
  "lockfileHash": "1d653d5d",
  "browserHash": "285dbb4b",
  "optimized": {
    "@angular/common": {
      "src": "../../../../../../node_modules/@angular/common/fesm2022/common.mjs",
      "file": "@angular_common.js",
      "fileHash": "833ae4c4",
      "needsInterop": false
    },
    "@angular/common/http": {
      "src": "../../../../../../node_modules/@angular/common/fesm2022/http.mjs",
      "file": "@angular_common_http.js",
      "fileHash": "af91da31",
      "needsInterop": false
    },
    "@angular/core": {
      "src": "../../../../../../node_modules/@angular/core/fesm2022/core.mjs",
      "file": "@angular_core.js",
      "fileHash": "d15880fa",
      "needsInterop": false
    },
    "@angular/forms": {
      "src": "../../../../../../node_modules/@angular/forms/fesm2022/forms.mjs",
      "file": "@angular_forms.js",
      "fileHash": "dc41efe3",
      "needsInterop": false
    },
    "@angular/platform-browser": {
      "src": "../../../../../../node_modules/@angular/platform-browser/fesm2022/platform-browser.mjs",
      "file": "@angular_platform-browser.js",
      "fileHash": "916eab78",
      "needsInterop": false
    },
    "@angular/router": {
      "src": "../../../../../../node_modules/@angular/router/fesm2022/router.mjs",
      "file": "@angular_router.js",
      "fileHash": "098d2b16",
      "needsInterop": false
    },
    "lucide-angular": {
      "src": "../../../../../../node_modules/lucide-angular/fesm2020/lucide-angular.mjs",
      "file": "lucide-angular.js",
      "fileHash": "69bd8431",
      "needsInterop": false
    },
    "rxjs/operators": {
      "src": "../../../../../../node_modules/rxjs/dist/esm5/operators/index.js",
      "file": "rxjs_operators.js",
      "fileHash": "d7a0c257",
      "needsInterop": false
    }
  },
  "chunks": {
    "chunk-573H2JK4": {
      "file": "chunk-573H2JK4.js"
    },
    "chunk-Z6GLBBQ2": {
      "file": "chunk-Z6GLBBQ2.js"
    },
    "chunk-TWM6HXCX": {
      "file": "chunk-TWM6HXCX.js"
    },
    "chunk-GEFH3DFV": {
      "file": "chunk-GEFH3DFV.js"
    },
    "chunk-TJUE34HC": {
      "file": "chunk-TJUE34HC.js"
    },
    "chunk-QCVGHOGP": {
      "file": "chunk-QCVGHOGP.js"
    }
  }
}